<?xml version="1.0" encoding="UTF-8" ?>
<XMLDB PATH="mod/vlab/db" VERSION="20120122" COMMENT="XMLDB file for vlab module"
    xmlns:xsi="http://www.w3.org/2001/XMLSchema-instance"
    xsi:noNamespaceSchemaLocation="../../../lib/xmldb/xmldb.xsd"
>
  <TABLES>
    <TABLE NAME="vlab" COMMENT="each record is one vlab resource">
      <FIELDS>
        <FIELD NAME="id" TYPE="int" LENGTH="10" NOTNULL="true" SEQUENCE="true"/>
        <FIELD NAME="course" TYPE="int" LENGTH="10" NOTNULL="true" DEFAULT="0" SEQUENCE="false"/>
        <FIELD NAME="name" TYPE="char" LENGTH="255" NOTNULL="true" SEQUENCE="false"/>
        <FIELD NAME="intro" TYPE="text" NOTNULL="false" SEQUENCE="false"/>
        <FIELD NAME="introformat" TYPE="int" LENGTH="4" NOTNULL="true" DEFAULT="0" SEQUENCE="false"/>
        <FIELD NAME="externalurl" TYPE="text" NOTNULL="true" SEQUENCE="false"/>
		<FIELD NAME="image" TYPE="text" NOTNULL="true" SEQUENCE="false"/>
        <FIELD NAME="display" TYPE="int" LENGTH="4" NOTNULL="true" DEFAULT="0" SEQUENCE="false"/>
        <FIELD NAME="displayoptions" TYPE="text" NOTNULL="false" SEQUENCE="false"/>
        <FIELD NAME="parameters" TYPE="text" NOTNULL="false" SEQUENCE="false"/>
		<FIELD NAME="rooms" TYPE="text" NOTNULL="true" SEQUENCE="false" COMMENT="vLab rooms"/>
		<FIELD NAME="timemodified" TYPE="int" LENGTH="10" NOTNULL="true" DEFAULT="0" SEQUENCE="false"/>
      </FIELDS>
      <KEYS>
        <KEY NAME="primary" TYPE="primary" FIELDS="id"/>
		<KEY NAME="fk_course" TYPE="foreign" FIELDS="course" REFTABLE="course" REFFIELDS="id"/>
      </KEYS>
      <INDEXES>
        <INDEX NAME="course" UNIQUE="false" FIELDS="course"/>
      </INDEXES>
    </TABLE>
  </TABLES>
</XMLDB>